file,emotion,language
EKORPUS/120289.wav,neutral,estonian
EKORPUS/13721.wav,anger,estonian
EKORPUS/121176.wav,anger,estonian
EKORPUS/13085.wav,joy,estonian
EKORPUS/203.wav,joy,estonian
EKORPUS/120554.wav,anger,estonian
EKORPUS/121274.wav,sadness,estonian
EKORPUS/13585.wav,neutral,estonian
EKORPUS/13701.wav,sadness,estonian
EKORPUS/12999.wav,anger,estonian
EKORPUS/14269.wav,sadness,estonian
EKORPUS/13415.wav,sadness,estonian
EKORPUS/13009.wav,sadness,estonian
EKORPUS/13711.wav,anger,estonian
EKORPUS/120590.wav,joy,estonian
EKORPUS/13411.wav,anger,estonian
EKORPUS/121131.wav,anger,estonian
EKORPUS/13477.wav,anger,estonian
EKORPUS/14087.wav,joy,estonian
EKORPUS/13087.wav,anger,estonian
EKORPUS/121242.wav,neutral,estonian
EKORPUS/14273.wav,sadness,estonian
EKORPUS/120389.wav,neutral,estonian
EKORPUS/13001.wav,joy,estonian
EKORPUS/121019.wav,joy,estonian
EKORPUS/120899.wav,anger,estonian
EKORPUS/120225.wav,neutral,estonian
EKORPUS/13683.wav,neutral,estonian
EKORPUS/127.wav,anger,estonian
EKORPUS/121282.wav,joy,estonian
EKORPUS/120417.wav,sadness,estonian
EKORPUS/120957.wav,neutral,estonian
EKORPUS/120538.wav,joy,estonian
EKORPUS/107.wav,anger,estonian
EKORPUS/14091.wav,joy,estonian
EKORPUS/13985.wav,anger,estonian
EKORPUS/275.wav,anger,estonian
EKORPUS/13163.wav,sadness,estonian
EKORPUS/13413.wav,sadness,estonian
EKORPUS/13071.wav,neutral,estonian
EKORPUS/14017.wav,sadness,estonian
EKORPUS/120277.wav,anger,estonian
EKORPUS/13595.wav,joy,estonian
EKORPUS/120478.wav,anger,estonian
EKORPUS/120540.wav,sadness,estonian
EKORPUS/120363.wav,anger,estonian
EKORPUS/120279.wav,joy,estonian
EKORPUS/13239.wav,anger,estonian
EKORPUS/120588.wav,sadness,estonian
EKORPUS/120159.wav,anger,estonian
EKORPUS/14283.wav,sadness,estonian
EKORPUS/13947.wav,neutral,estonian
EKORPUS/14255.wav,anger,estonian
EKORPUS/79.wav,sadness,estonian
EKORPUS/57.wav,anger,estonian
EKORPUS/120991.wav,anger,estonian
EKORPUS/14373.wav,sadness,estonian
EKORPUS/121049.wav,anger,estonian
EKORPUS/171.wav,sadness,estonian
EKORPUS/120568.wav,neutral,estonian
EKORPUS/67.wav,neutral,estonian
EKORPUS/14197.wav,joy,estonian
EKORPUS/120746.wav,sadness,estonian
EKORPUS/14233.wav,anger,estonian
EKORPUS/120831.wav,anger,estonian
EKORPUS/121308.wav,anger,estonian
EKORPUS/13731.wav,anger,estonian
EKORPUS/121081.wav,neutral,estonian
EKORPUS/14351.wav,neutral,estonian
EKORPUS/120313.wav,neutral,estonian
EKORPUS/14023.wav,neutral,estonian
EKORPUS/120690.wav,anger,estonian
EKORPUS/120379.wav,anger,estonian
EKORPUS/120263.wav,joy,estonian
EKORPUS/13623.wav,sadness,estonian
EKORPUS/120736.wav,anger,estonian
EKORPUS/223.wav,joy,estonian
EKORPUS/14011.wav,anger,estonian
EKORPUS/13091.wav,neutral,estonian
EKORPUS/120297.wav,joy,estonian
EKORPUS/71.wav,anger,estonian
EKORPUS/120291.wav,anger,estonian
EKORPUS/14141.wav,joy,estonian
EKORPUS/120325.wav,anger,estonian
EKORPUS/13013.wav,neutral,estonian
EKORPUS/120355.wav,joy,estonian
EKORPUS/120871.wav,sadness,estonian
EKORPUS/120766.wav,joy,estonian
EKORPUS/121031.wav,joy,estonian
EKORPUS/13023.wav,neutral,estonian
EKORPUS/121280.wav,joy,estonian
EKORPUS/120429.wav,neutral,estonian
EKORPUS/120855.wav,neutral,estonian
EKORPUS/395.wav,sadness,estonian
EKORPUS/13917.wav,sadness,estonian
EKORPUS/120139.wav,neutral,estonian
EKORPUS/121290.wav,sadness,estonian
EKORPUS/120357.wav,anger,estonian
EKORPUS/149.wav,neutral,estonian
EKORPUS/14541.wav,neutral,estonian
EKORPUS/120512.wav,neutral,estonian
EKORPUS/13863.wav,anger,estonian
EKORPUS/14123.wav,neutral,estonian
EKORPUS/13881.wav,sadness,estonian
EKORPUS/13965.wav,anger,estonian
EKORPUS/120664.wav,neutral,estonian
EKORPUS/13649.wav,joy,estonian
EKORPUS/407.wav,sadness,estonian
EKORPUS/167.wav,sadness,estonian
EKORPUS/14139.wav,anger,estonian
EKORPUS/120405.wav,sadness,estonian
EKORPUS/120620.wav,sadness,estonian
EKORPUS/13757.wav,joy,estonian
EKORPUS/120630.wav,neutral,estonian
EKORPUS/121322.wav,anger,estonian
EKORPUS/13015.wav,sadness,estonian
EKORPUS/120241.wav,anger,estonian
EKORPUS/120931.wav,joy,estonian
EKORPUS/120963.wav,sadness,estonian
EKORPUS/437.wav,anger,estonian
EKORPUS/73.wav,neutral,estonian
EKORPUS/449.wav,joy,estonian
EKORPUS/13945.wav,anger,estonian
EKORPUS/121310.wav,joy,estonian
EKORPUS/13305.wav,joy,estonian
EKORPUS/13251.wav,sadness,estonian
EKORPUS/120121.wav,neutral,estonian
EKORPUS/14481.wav,neutral,estonian
EKORPUS/225.wav,anger,estonian
EKORPUS/13913.wav,anger,estonian
EKORPUS/13455.wav,anger,estonian
EKORPUS/120369.wav,neutral,estonian
EKORPUS/37.wav,anger,estonian
EKORPUS/120839.wav,anger,estonian
EKORPUS/121003.wav,neutral,estonian
EKORPUS/120718.wav,joy,estonian
EKORPUS/121286.wav,neutral,estonian
EKORPUS/13841.wav,neutral,estonian
EKORPUS/213.wav,anger,estonian
EKORPUS/120367.wav,sadness,estonian
EKORPUS/120602.wav,sadness,estonian
EKORPUS/121216.wav,joy,estonian
EKORPUS/195.wav,neutral,estonian
EKORPUS/120654.wav,neutral,estonian
EKORPUS/121025.wav,anger,estonian
EKORPUS/120692.wav,joy,estonian
EKORPUS/13185.wav,neutral,estonian
EKORPUS/14103.wav,neutral,estonian
EKORPUS/14133.wav,anger,estonian
EKORPUS/14085.wav,anger,estonian
EKORPUS/120217.wav,anger,estonian
EKORPUS/159.wav,neutral,estonian
EKORPUS/317.wav,neutral,estonian
EKORPUS/121023.wav,neutral,estonian
EKORPUS/13233.wav,anger,estonian
EKORPUS/120502.wav,neutral,estonian
EKORPUS/13705.wav,joy,estonian
EKORPUS/120470.wav,anger,estonian
EKORPUS/121170.wav,joy,estonian
EKORPUS/137.wav,anger,estonian
EKORPUS/120323.wav,anger,estonian
EKORPUS/120255.wav,anger,estonian
EKORPUS/121137.wav,sadness,estonian
EKORPUS/120580.wav,joy,estonian
EKORPUS/421.wav,sadness,estonian
EKORPUS/120115.wav,anger,estonian
EKORPUS/121230.wav,anger,estonian
EKORPUS/14209.wav,neutral,estonian
EKORPUS/14363.wav,neutral,estonian
EKORPUS/14379.wav,sadness,estonian
EKORPUS/13869.wav,sadness,estonian
EKORPUS/13269.wav,neutral,estonian
EKORPUS/411.wav,anger,estonian
EKORPUS/13019.wav,anger,estonian
EKORPUS/120817.wav,neutral,estonian
EKORPUS/13653.wav,neutral,estonian
EKORPUS/120668.wav,sadness,estonian
EKORPUS/13493.wav,anger,estonian
EKORPUS/13655.wav,anger,estonian
EKORPUS/13511.wav,sadness,estonian
EKORPUS/121210.wav,joy,estonian
EKORPUS/13865.wav,neutral,estonian
EKORPUS/120309.wav,neutral,estonian
EKORPUS/14231.wav,sadness,estonian
EKORPUS/120702.wav,anger,estonian
EKORPUS/121101.wav,anger,estonian
EKORPUS/13763.wav,sadness,estonian
EKORPUS/120383.wav,sadness,estonian
EKORPUS/120177.wav,sadness,estonian
EKORPUS/13463.wav,sadness,estonian
EKORPUS/120863.wav,neutral,estonian
EKORPUS/13599.wav,anger,estonian
EKORPUS/120778.wav,anger,estonian
EKORPUS/120453.wav,joy,estonian
EKORPUS/120935.wav,neutral,estonian
EKORPUS/341.wav,neutral,estonian
EKORPUS/13359.wav,neutral,estonian
EKORPUS/120977.wav,neutral,estonian
EKORPUS/13643.wav,joy,estonian
EKORPUS/13333.wav,neutral,estonian
EKORPUS/121109.wav,sadness,estonian
EKORPUS/120163.wav,joy,estonian
EKORPUS/14253.wav,neutral,estonian
EKORPUS/121105.wav,sadness,estonian
EKORPUS/121250.wav,anger,estonian
EKORPUS/120917.wav,neutral,estonian
EKORPUS/13525.wav,neutral,estonian
EKORPUS/14345.wav,joy,estonian
EKORPUS/121226.wav,joy,estonian
EKORPUS/120494.wav,joy,estonian
EKORPUS/463.wav,neutral,estonian
EKORPUS/345.wav,neutral,estonian
EKORPUS/14529.wav,sadness,estonian
EKORPUS/120239.wav,sadness,estonian
EKORPUS/121276.wav,anger,estonian
EKORPUS/120249.wav,neutral,estonian
EKORPUS/121204.wav,anger,estonian
EKORPUS/13491.wav,sadness,estonian
EKORPUS/14119.wav,anger,estonian
EKORPUS/413.wav,neutral,estonian
EKORPUS/120919.wav,neutral,estonian
EKORPUS/120419.wav,joy,estonian
EKORPUS/285.wav,joy,estonian
EKORPUS/120514.wav,neutral,estonian
EKORPUS/120542.wav,joy,estonian
EKORPUS/120816.wav,neutral,estonian
EKORPUS/13203.wav,anger,estonian
EKORPUS/13337.wav,neutral,estonian
EKORPUS/120666.wav,anger,estonian
EKORPUS/121011.wav,joy,estonian
EKORPUS/13179.wav,joy,estonian
EKORPUS/120345.wav,neutral,estonian
EKORPUS/120443.wav,joy,estonian
EKORPUS/120125.wav,neutral,estonian
EKORPUS/13691.wav,anger,estonian
EKORPUS/14355.wav,neutral,estonian
EKORPUS/14483.wav,sadness,estonian
EKORPUS/120175.wav,joy,estonian
EKORPUS/120305.wav,neutral,estonian
EKORPUS/120592.wav,anger,estonian
EKORPUS/173.wav,anger,estonian
EKORPUS/13255.wav,joy,estonian
EKORPUS/14535.wav,joy,estonian
EKORPUS/120616.wav,sadness,estonian
EKORPUS/14339.wav,neutral,estonian
EKORPUS/13391.wav,neutral,estonian
EKORPUS/13371.wav,anger,estonian
EKORPUS/121316.wav,neutral,estonian
EKORPUS/14143.wav,anger,estonian
EKORPUS/13613.wav,neutral,estonian
EKORPUS/13011.wav,sadness,estonian
EKORPUS/13263.wav,neutral,estonian
EKORPUS/120979.wav,anger,estonian
EKORPUS/14117.wav,anger,estonian
EKORPUS/120937.wav,joy,estonian
EKORPUS/14163.wav,anger,estonian
EKORPUS/63.wav,sadness,estonian
EKORPUS/120295.wav,anger,estonian
EKORPUS/121302.wav,anger,estonian
EKORPUS/120387.wav,joy,estonian
EKORPUS/120536.wav,anger,estonian
EKORPUS/121252.wav,sadness,estonian
EKORPUS/289.wav,neutral,estonian
EKORPUS/14203.wav,joy,estonian
EKORPUS/120823.wav,sadness,estonian
EKORPUS/121009.wav,neutral,estonian
EKORPUS/13601.wav,sadness,estonian
EKORPUS/121208.wav,anger,estonian
EKORPUS/120427.wav,neutral,estonian
EKORPUS/120911.wav,neutral,estonian
EKORPUS/121129.wav,sadness,estonian
EKORPUS/120343.wav,joy,estonian
EKORPUS/120135.wav,joy,estonian
EKORPUS/120750.wav,anger,estonian
EKORPUS/120640.wav,sadness,estonian
EKORPUS/14111.wav,joy,estonian
EKORPUS/13377.wav,neutral,estonian
EKORPUS/13461.wav,joy,estonian
EKORPUS/120353.wav,anger,estonian
EKORPUS/120835.wav,anger,estonian
EKORPUS/120738.wav,joy,estonian
EKORPUS/120983.wav,neutral,estonian
EKORPUS/13031.wav,anger,estonian
EKORPUS/13433.wav,anger,estonian
EKORPUS/121232.wav,joy,estonian
EKORPUS/13755.wav,anger,estonian
EKORPUS/120413.wav,joy,estonian
EKORPUS/13207.wav,joy,estonian
EKORPUS/13339.wav,joy,estonian
EKORPUS/13663.wav,joy,estonian
EKORPUS/13067.wav,anger,estonian
EKORPUS/14181.wav,neutral,estonian
EKORPUS/120847.wav,neutral,estonian
EKORPUS/13423.wav,sadness,estonian
EKORPUS/121093.wav,joy,estonian
EKORPUS/120550.wav,anger,estonian
EKORPUS/120560.wav,joy,estonian
EKORPUS/120147.wav,sadness,estonian
EKORPUS/120879.wav,sadness,estonian
EKORPUS/120530.wav,neutral,estonian
EKORPUS/14451.wav,neutral,estonian
EKORPUS/120732.wav,neutral,estonian
EKORPUS/120682.wav,sadness,estonian
EKORPUS/13641.wav,joy,estonian
EKORPUS/121047.wav,neutral,estonian
EKORPUS/120796.wav,joy,estonian
EKORPUS/13495.wav,neutral,estonian
EKORPUS/121143.wav,anger,estonian
EKORPUS/14221.wav,sadness,estonian
EKORPUS/120921.wav,anger,estonian
EKORPUS/120662.wav,neutral,estonian
EKORPUS/14347.wav,neutral,estonian
EKORPUS/120233.wav,joy,estonian
EKORPUS/120151.wav,joy,estonian
EKORPUS/441.wav,neutral,estonian
EKORPUS/14205.wav,sadness,estonian
EKORPUS/13075.wav,joy,estonian
EKORPUS/13919.wav,neutral,estonian
EKORPUS/120770.wav,sadness,estonian
EKORPUS/121160.wav,sadness,estonian
EKORPUS/14445.wav,anger,estonian
EKORPUS/120171.wav,sadness,estonian
EKORPUS/14487.wav,neutral,estonian
EKORPUS/120193.wav,neutral,estonian
EKORPUS/13681.wav,anger,estonian
EKORPUS/120877.wav,joy,estonian
EKORPUS/120183.wav,joy,estonian
EKORPUS/13093.wav,anger,estonian
EKORPUS/120524.wav,joy,estonian
EKORPUS/120532.wav,joy,estonian
EKORPUS/13765.wav,joy,estonian
EKORPUS/343.wav,joy,estonian
EKORPUS/120989.wav,anger,estonian
EKORPUS/13735.wav,sadness,estonian
EKORPUS/267.wav,anger,estonian
EKORPUS/120925.wav,joy,estonian
EKORPUS/120897.wav,joy,estonian
EKORPUS/121071.wav,joy,estonian
EKORPUS/121029.wav,anger,estonian
EKORPUS/14377.wav,anger,estonian
EKORPUS/120670.wav,neutral,estonian
EKORPUS/121154.wav,neutral,estonian
EKORPUS/14021.wav,anger,estonian
EKORPUS/13799.wav,neutral,estonian
EKORPUS/121125.wav,anger,estonian
EKORPUS/121007.wav,joy,estonian
EKORPUS/121095.wav,sadness,estonian
EKORPUS/120993.wav,neutral,estonian
EKORPUS/120782.wav,joy,estonian
EKORPUS/121146.wav,anger,estonian
EKORPUS/399.wav,neutral,estonian
EKORPUS/120271.wav,neutral,estonian
EKORPUS/121059.wav,sadness,estonian
EKORPUS/121152.wav,neutral,estonian
EKORPUS/120558.wav,neutral,estonian
EKORPUS/120999.wav,sadness,estonian
EKORPUS/14463.wav,anger,estonian
EKORPUS/13843.wav,joy,estonian
EKORPUS/120293.wav,joy,estonian
EKORPUS/120321.wav,anger,estonian
EKORPUS/13583.wav,sadness,estonian
EKORPUS/14537.wav,neutral,estonian
EKORPUS/120646.wav,neutral,estonian
EKORPUS/121238.wav,neutral,estonian
EKORPUS/307.wav,sadness,estonian
EKORPUS/13697.wav,neutral,estonian
EKORPUS/121075.wav,neutral,estonian
EKORPUS/120997.wav,joy,estonian
EKORPUS/14095.wav,neutral,estonian
EKORPUS/305.wav,joy,estonian
EKORPUS/120281.wav,joy,estonian
EKORPUS/120959.wav,neutral,estonian
EKORPUS/120748.wav,neutral,estonian
EKORPUS/120833.wav,anger,estonian
EKORPUS/13647.wav,sadness,estonian
EKORPUS/13335.wav,neutral,estonian
EKORPUS/14381.wav,joy,estonian
EKORPUS/13953.wav,anger,estonian
EKORPUS/120686.wav,joy,estonian
EKORPUS/120373.wav,joy,estonian
EKORPUS/13669.wav,anger,estonian
EKORPUS/13805.wav,sadness,estonian
EKORPUS/121051.wav,sadness,estonian
EKORPUS/120975.wav,joy,estonian
EKORPUS/13069.wav,neutral,estonian
EKORPUS/13789.wav,sadness,estonian
EKORPUS/120995.wav,neutral,estonian
EKORPUS/13007.wav,joy,estonian
EKORPUS/121077.wav,joy,estonian
EKORPUS/120317.wav,anger,estonian
EKORPUS/13883.wav,joy,estonian
EKORPUS/13607.wav,sadness,estonian
EKORPUS/14375.wav,anger,estonian
EKORPUS/14249.wav,sadness,estonian
EKORPUS/121103.wav,joy,estonian
EKORPUS/13499.wav,joy,estonian
EKORPUS/14193.wav,neutral,estonian
EKORPUS/14081.wav,anger,estonian
EKORPUS/121324.wav,joy,estonian
EKORPUS/120776.wav,anger,estonian
EKORPUS/120187.wav,neutral,estonian
EKORPUS/14101.wav,joy,estonian
EKORPUS/14353.wav,sadness,estonian
EKORPUS/121200.wav,joy,estonian
EKORPUS/120235.wav,joy,estonian
EKORPUS/121113.wav,sadness,estonian
EKORPUS/121162.wav,neutral,estonian
EKORPUS/121278.wav,neutral,estonian
EKORPUS/120199.wav,joy,estonian
EKORPUS/120203.wav,anger,estonian
EKORPUS/120137.wav,sadness,estonian
EKORPUS/175.wav,sadness,estonian
EKORPUS/121312.wav,neutral,estonian
EKORPUS/14041.wav,neutral,estonian
EKORPUS/13311.wav,sadness,estonian
EKORPUS/215.wav,anger,estonian
EKORPUS/14171.wav,sadness,estonian
EKORPUS/120819.wav,sadness,estonian
EKORPUS/283.wav,anger,estonian
EKORPUS/120728.wav,sadness,estonian
EKORPUS/13771.wav,joy,estonian
EKORPUS/185.wav,joy,estonian
EKORPUS/121013.wav,anger,estonian
EKORPUS/120179.wav,neutral,estonian
EKORPUS/120853.wav,sadness,estonian
EKORPUS/14027.wav,anger,estonian
EKORPUS/13205.wav,joy,estonian
EKORPUS/120700.wav,anger,estonian
EKORPUS/209.wav,neutral,estonian
EKORPUS/120955.wav,anger,estonian
EKORPUS/455.wav,neutral,estonian
EKORPUS/14131.wav,anger,estonian
EKORPUS/13975.wav,anger,estonian
EKORPUS/120812.wav,sadness,estonian
EKORPUS/121045.wav,joy,estonian
EKORPUS/14177.wav,anger,estonian
EKORPUS/13967.wav,neutral,estonian
EKORPUS/120849.wav,neutral,estonian
EKORPUS/120123.wav,joy,estonian
EKORPUS/120275.wav,anger,estonian
EKORPUS/120433.wav,anger,estonian
EKORPUS/13611.wav,anger,estonian
EKORPUS/14457.wav,joy,estonian
EKORPUS/139.wav,sadness,estonian
EKORPUS/121262.wav,sadness,estonian
EKORPUS/120149.wav,anger,estonian
EKORPUS/120632.wav,joy,estonian
EKORPUS/120335.wav,joy,estonian
EKORPUS/120191.wav,sadness,estonian
EKORPUS/121053.wav,joy,estonian
EKORPUS/120504.wav,neutral,estonian
EKORPUS/14415.wav,sadness,estonian
EKORPUS/120684.wav,neutral,estonian
EKORPUS/13509.wav,joy,estonian
EKORPUS/120857.wav,neutral,estonian
EKORPUS/13753.wav,joy,estonian
EKORPUS/120614.wav,neutral,estonian
EKORPUS/13389.wav,sadness,estonian
EKORPUS/120411.wav,anger,estonian
EKORPUS/120626.wav,joy,estonian
EKORPUS/121123.wav,anger,estonian
EKORPUS/14547.wav,neutral,estonian
EKORPUS/120261.wav,neutral,estonian
EKORPUS/120987.wav,neutral,estonian
EKORPUS/120594.wav,joy,estonian
EKORPUS/14447.wav,sadness,estonian
EKORPUS/13685.wav,joy,estonian
EKORPUS/13617.wav,anger,estonian
EKORPUS/14279.wav,neutral,estonian
EKORPUS/120674.wav,neutral,estonian
EKORPUS/121117.wav,sadness,estonian
EKORPUS/45.wav,joy,estonian
EKORPUS/13909.wav,joy,estonian
EKORPUS/120341.wav,joy,estonian
EKORPUS/13887.wav,anger,estonian
EKORPUS/13215.wav,anger,estonian
EKORPUS/120421.wav,neutral,estonian
EKORPUS/13675.wav,anger,estonian
EKORPUS/13265.wav,joy,estonian
EKORPUS/120710.wav,joy,estonian
EKORPUS/120393.wav,anger,estonian
EKORPUS/121067.wav,sadness,estonian
EKORPUS/120423.wav,joy,estonian
EKORPUS/120381.wav,neutral,estonian
EKORPUS/121133.wav,neutral,estonian
EKORPUS/121188.wav,anger,estonian
EKORPUS/121306.wav,joy,estonian
EKORPUS/14275.wav,anger,estonian
EKORPUS/13749.wav,joy,estonian
EKORPUS/14371.wav,anger,estonian
EKORPUS/121220.wav,neutral,estonian
EKORPUS/120644.wav,joy,estonian
EKORPUS/13329.wav,neutral,estonian
EKORPUS/120457.wav,sadness,estonian
EKORPUS/13267.wav,sadness,estonian
EKORPUS/121284.wav,neutral,estonian
EKORPUS/120678.wav,neutral,estonian
EKORPUS/113.wav,sadness,estonian
EKORPUS/120891.wav,neutral,estonian
EKORPUS/13679.wav,anger,estonian
EKORPUS/121244.wav,sadness,estonian
EKORPUS/13657.wav,neutral,estonian
EKORPUS/221.wav,anger,estonian
EKORPUS/13309.wav,neutral,estonian
EKORPUS/14033.wav,neutral,estonian
EKORPUS/13325.wav,anger,estonian
EKORPUS/13483.wav,joy,estonian
EKORPUS/245.wav,neutral,estonian
EKORPUS/120742.wav,anger,estonian
EKORPUS/121264.wav,sadness,estonian
EKORPUS/14277.wav,anger,estonian
EKORPUS/121156.wav,joy,estonian
EKORPUS/65.wav,neutral,estonian
EKORPUS/13877.wav,anger,estonian
EKORPUS/121061.wav,sadness,estonian
EKORPUS/120127.wav,sadness,estonian
EKORPUS/120259.wav,sadness,estonian
EKORPUS/14361.wav,anger,estonian
EKORPUS/121318.wav,joy,estonian
EKORPUS/14411.wav,sadness,estonian
EKORPUS/120798.wav,sadness,estonian
EKORPUS/120395.wav,joy,estonian
EKORPUS/120548.wav,neutral,estonian
EKORPUS/301.wav,neutral,estonian
EKORPUS/13083.wav,anger,estonian
EKORPUS/120169.wav,joy,estonian
EKORPUS/13767.wav,neutral,estonian
EKORPUS/14251.wav,joy,estonian
EKORPUS/281.wav,sadness,estonian
EKORPUS/13249.wav,neutral,estonian
EKORPUS/120556.wav,sadness,estonian
EKORPUS/13645.wav,joy,estonian
EKORPUS/141.wav,anger,estonian
EKORPUS/120582.wav,joy,estonian
EKORPUS/14365.wav,sadness,estonian
EKORPUS/121194.wav,neutral,estonian
EKORPUS/121254.wav,joy,estonian
EKORPUS/120223.wav,anger,estonian
EKORPUS/335.wav,anger,estonian
EKORPUS/13545.wav,anger,estonian
EKORPUS/13871.wav,neutral,estonian
EKORPUS/13451.wav,anger,estonian
EKORPUS/14281.wav,neutral,estonian
EKORPUS/120792.wav,sadness,estonian
EKORPUS/14115.wav,joy,estonian
EKORPUS/217.wav,anger,estonian
EKORPUS/120207.wav,sadness,estonian
EKORPUS/121139.wav,sadness,estonian
EKORPUS/121164.wav,neutral,estonian
EKORPUS/13467.wav,anger,estonian
EKORPUS/13073.wav,anger,estonian
EKORPUS/121039.wav,joy,estonian
EKORPUS/120307.wav,joy,estonian
EKORPUS/120361.wav,anger,estonian
EKORPUS/120435.wav,joy,estonian
EKORPUS/14327.wav,anger,estonian
EKORPUS/14291.wav,anger,estonian
EKORPUS/120760.wav,neutral,estonian
EKORPUS/13327.wav,joy,estonian
EKORPUS/120522.wav,joy,estonian
EKORPUS/13717.wav,anger,estonian
EKORPUS/120349.wav,neutral,estonian
EKORPUS/251.wav,anger,estonian
EKORPUS/13153.wav,sadness,estonian
EKORPUS/14443.wav,joy,estonian
EKORPUS/429.wav,neutral,estonian
EKORPUS/120658.wav,joy,estonian
EKORPUS/120612.wav,neutral,estonian
EKORPUS/120315.wav,joy,estonian
EKORPUS/13659.wav,sadness,estonian
EKORPUS/120397.wav,anger,estonian
EKORPUS/13969.wav,sadness,estonian
EKORPUS/121089.wav,neutral,estonian
EKORPUS/13615.wav,neutral,estonian
EKORPUS/13677.wav,anger,estonian
EKORPUS/120407.wav,anger,estonian
EKORPUS/13027.wav,neutral,estonian
EKORPUS/13737.wav,neutral,estonian
EKORPUS/121172.wav,joy,estonian
EKORPUS/121083.wav,sadness,estonian
EKORPUS/120544.wav,sadness,estonian
EKORPUS/120752.wav,joy,estonian
EKORPUS/14037.wav,neutral,estonian
EKORPUS/120480.wav,anger,estonian
EKORPUS/120598.wav,joy,estonian
EKORPUS/121041.wav,anger,estonian
EKORPUS/120927.wav,neutral,estonian
EKORPUS/121314.wav,joy,estonian
EKORPUS/120600.wav,anger,estonian
EKORPUS/120131.wav,sadness,estonian
EKORPUS/14341.wav,anger,estonian
EKORPUS/121288.wav,neutral,estonian
EKORPUS/14129.wav,neutral,estonian
EKORPUS/121202.wav,anger,estonian
EKORPUS/121111.wav,joy,estonian
EKORPUS/120243.wav,neutral,estonian
EKORPUS/14097.wav,joy,estonian
EKORPUS/120455.wav,anger,estonian
EKORPUS/120859.wav,joy,estonian
EKORPUS/453.wav,anger,estonian
EKORPUS/14247.wav,anger,estonian
EKORPUS/13867.wav,neutral,estonian
EKORPUS/13793.wav,neutral,estonian
EKORPUS/120339.wav,sadness,estonian
EKORPUS/121055.wav,neutral,estonian
EKORPUS/120825.wav,anger,estonian
EKORPUS/13667.wav,neutral,estonian
EKORPUS/14201.wav,neutral,estonian
EKORPUS/120881.wav,joy,estonian
EKORPUS/120331.wav,anger,estonian
EKORPUS/120441.wav,sadness,estonian
EKORPUS/13313.wav,anger,estonian
EKORPUS/14485.wav,joy,estonian
EKORPUS/13605.wav,joy,estonian
EKORPUS/291.wav,joy,estonian
EKORPUS/121097.wav,sadness,estonian
EKORPUS/211.wav,anger,estonian
EKORPUS/13861.wav,anger,estonian
EKORPUS/120269.wav,neutral,estonian
EKORPUS/13931.wav,neutral,estonian
EKORPUS/465.wav,sadness,estonian
EKORPUS/121145.wav,sadness,estonian
EKORPUS/120510.wav,sadness,estonian
EKORPUS/120173.wav,sadness,estonian
EKORPUS/121190.wav,sadness,estonian
EKORPUS/14297.wav,sadness,estonian
EKORPUS/14083.wav,neutral,estonian
EKORPUS/299.wav,neutral,estonian
EKORPUS/120829.wav,anger,estonian
EKORPUS/13783.wav,joy,estonian
EKORPUS/120285.wav,neutral,estonian
EKORPUS/14229.wav,joy,estonian
EKORPUS/120143.wav,neutral,estonian
EKORPUS/120901.wav,anger,estonian
EKORPUS/183.wav,anger,estonian
EKORPUS/120365.wav,neutral,estonian
EKORPUS/120808.wav,neutral,estonian
EKORPUS/121035.wav,joy,estonian
EKORPUS/237.wav,anger,estonian
EKORPUS/13409.wav,anger,estonian
EKORPUS/120636.wav,neutral,estonian
EKORPUS/14147.wav,neutral,estonian
EKORPUS/13609.wav,anger,estonian
EKORPUS/121.wav,neutral,estonian
EKORPUS/120181.wav,sadness,estonian
EKORPUS/14137.wav,joy,estonian
EKORPUS/13199.wav,anger,estonian
EKORPUS/13357.wav,neutral,estonian
EKORPUS/121135.wav,sadness,estonian
EKORPUS/14225.wav,joy,estonian
EKORPUS/13449.wav,neutral,estonian
EKORPUS/53.wav,joy,estonian
EKORPUS/13879.wav,neutral,estonian
EKORPUS/120784.wav,anger,estonian
EKORPUS/121300.wav,sadness,estonian
EKORPUS/199.wav,anger,estonian
EKORPUS/311.wav,joy,estonian
EKORPUS/121150.wav,sadness,estonian
EKORPUS/13703.wav,anger,estonian
EKORPUS/13715.wav,neutral,estonian
EKORPUS/121182.wav,anger,estonian
EKORPUS/13813.wav,sadness,estonian
EKORPUS/14107.wav,joy,estonian
EKORPUS/120814.wav,anger,estonian
EKORPUS/120253.wav,sadness,estonian
EKORPUS/14005.wav,joy,estonian
EKORPUS/14109.wav,neutral,estonian
EKORPUS/59.wav,neutral,estonian
EKORPUS/14543.wav,neutral,estonian
EKORPUS/14259.wav,anger,estonian
EKORPUS/120351.wav,sadness,estonian
EKORPUS/120780.wav,neutral,estonian
EKORPUS/121198.wav,sadness,estonian
EKORPUS/120885.wav,joy,estonian
EKORPUS/121015.wav,anger,estonian
EKORPUS/120688.wav,sadness,estonian
EKORPUS/13977.wav,anger,estonian
EKORPUS/121298.wav,joy,estonian
EKORPUS/120385.wav,neutral,estonian
EKORPUS/120714.wav,neutral,estonian
EKORPUS/120488.wav,anger,estonian
EKORPUS/13957.wav,joy,estonian
EKORPUS/121206.wav,neutral,estonian
EKORPUS/13803.wav,anger,estonian
EKORPUS/13025.wav,neutral,estonian
EKORPUS/14127.wav,anger,estonian
EKORPUS/13635.wav,sadness,estonian
EKORPUS/13167.wav,neutral,estonian
EKORPUS/120117.wav,joy,estonian
EKORPUS/121328.wav,sadness,estonian
EKORPUS/13981.wav,neutral,estonian
EKORPUS/120113.wav,joy,estonian
EKORPUS/13161.wav,anger,estonian
EKORPUS/14369.wav,anger,estonian
EKORPUS/13929.wav,sadness,estonian
EKORPUS/13557.wav,neutral,estonian
EKORPUS/121228.wav,neutral,estonian
EKORPUS/13089.wav,sadness,estonian
EKORPUS/14113.wav,neutral,estonian
EKORPUS/121079.wav,neutral,estonian
EKORPUS/14175.wav,sadness,estonian
EKORPUS/121158.wav,anger,estonian
EKORPUS/14039.wav,sadness,estonian
EKORPUS/13159.wav,anger,estonian
EKORPUS/13081.wav,sadness,estonian
EKORPUS/120409.wav,joy,estonian
EKORPUS/120520.wav,anger,estonian
EKORPUS/121304.wav,neutral,estonian
EKORPUS/13257.wav,anger,estonian
EKORPUS/120165.wav,sadness,estonian
EKORPUS/219.wav,joy,estonian
EKORPUS/13797.wav,anger,estonian
EKORPUS/13627.wav,neutral,estonian
EKORPUS/13033.wav,anger,estonian
EKORPUS/120806.wav,anger,estonian
EKORPUS/14349.wav,joy,estonian
EKORPUS/13809.wav,joy,estonian
EKORPUS/120528.wav,anger,estonian
EKORPUS/14089.wav,neutral,estonian
EKORPUS/14491.wav,joy,estonian
EKORPUS/287.wav,joy,estonian
EKORPUS/14157.wav,sadness,estonian
EKORPUS/120788.wav,neutral,estonian
EKORPUS/120141.wav,joy,estonian
EKORPUS/120642.wav,sadness,estonian
EKORPUS/13633.wav,anger,estonian
EKORPUS/39.wav,neutral,estonian
EKORPUS/120219.wav,anger,estonian
EKORPUS/13651.wav,neutral,estonian
EKORPUS/397.wav,neutral,estonian
EKORPUS/120189.wav,neutral,estonian
EKORPUS/120800.wav,sadness,estonian
EKORPUS/120726.wav,sadness,estonian
EKORPUS/120851.wav,neutral,estonian
EKORPUS/14043.wav,joy,estonian
EKORPUS/269.wav,neutral,estonian
EKORPUS/120724.wav,sadness,estonian
EKORPUS/13343.wav,joy,estonian
EKORPUS/120804.wav,sadness,estonian
EKORPUS/13271.wav,neutral,estonian
EKORPUS/120774.wav,anger,estonian
EKORPUS/121001.wav,anger,estonian
EKORPUS/13383.wav,sadness,estonian
EKORPUS/120802.wav,neutral,estonian
EKORPUS/120720.wav,neutral,estonian
EKORPUS/120845.wav,anger,estonian
EKORPUS/14243.wav,sadness,estonian
EKORPUS/121141.wav,joy,estonian
EKORPUS/120145.wav,neutral,estonian
EKORPUS/120865.wav,anger,estonian
EKORPUS/120570.wav,joy,estonian
EKORPUS/120337.wav,sadness,estonian
EKORPUS/13487.wav,joy,estonian
EKORPUS/239.wav,sadness,estonian
EKORPUS/13673.wav,neutral,estonian
EKORPUS/14257.wav,anger,estonian
EKORPUS/14533.wav,sadness,estonian
EKORPUS/120439.wav,anger,estonian
EKORPUS/121174.wav,anger,estonian
EKORPUS/120399.wav,sadness,estonian
EKORPUS/13665.wav,joy,estonian
EKORPUS/153.wav,anger,estonian
EKORPUS/120231.wav,sadness,estonian
EKORPUS/13889.wav,sadness,estonian
EKORPUS/121240.wav,neutral,estonian
EKORPUS/120215.wav,anger,estonian
EKORPUS/125.wav,anger,estonian
EKORPUS/121027.wav,joy,estonian
EKORPUS/13315.wav,anger,estonian
EKORPUS/120969.wav,neutral,estonian
EKORPUS/459.wav,joy,estonian
EKORPUS/120375.wav,neutral,estonian
EKORPUS/120754.wav,anger,estonian
EKORPUS/14179.wav,anger,estonian
EKORPUS/13629.wav,neutral,estonian
EKORPUS/13005.wav,sadness,estonian
EKORPUS/121270.wav,neutral,estonian
EKORPUS/121212.wav,anger,estonian
EKORPUS/14105.wav,sadness,estonian
EKORPUS/13923.wav,neutral,estonian
EKORPUS/13341.wav,joy,estonian
EKORPUS/13769.wav,sadness,estonian
EKORPUS/120445.wav,sadness,estonian
EKORPUS/13469.wav,neutral,estonian
EKORPUS/13817.wav,anger,estonian
EKORPUS/120213.wav,sadness,estonian
EKORPUS/13885.wav,sadness,estonian
EKORPUS/120155.wav,anger,estonian
EKORPUS/13453.wav,neutral,estonian
EKORPUS/120905.wav,sadness,estonian
EKORPUS/121005.wav,joy,estonian
EKORPUS/14183.wav,sadness,estonian
EKORPUS/13209.wav,neutral,estonian
EKORPUS/13303.wav,anger,estonian
EKORPUS/121037.wav,joy,estonian
EKORPUS/13017.wav,sadness,estonian
EKORPUS/121073.wav,anger,estonian
EKORPUS/120873.wav,joy,estonian
EKORPUS/120287.wav,sadness,estonian
EKORPUS/120772.wav,anger,estonian
EKORPUS/13211.wav,sadness,estonian
EKORPUS/13775.wav,sadness,estonian
EKORPUS/120153.wav,neutral,estonian
EKORPUS/381.wav,anger,estonian
EKORPUS/51.wav,anger,estonian
EKORPUS/120730.wav,neutral,estonian
EKORPUS/120867.wav,anger,estonian
EKORPUS/14025.wav,neutral,estonian
EKORPUS/14019.wav,sadness,estonian
EKORPUS/14099.wav,neutral,estonian
EKORPUS/105.wav,joy,estonian
EKORPUS/120810.wav,neutral,estonian
EKORPUS/13773.wav,anger,estonian
EKORPUS/14161.wav,neutral,estonian
EKORPUS/120197.wav,anger,estonian
EKORPUS/121320.wav,neutral,estonian
EKORPUS/13637.wav,neutral,estonian
EKORPUS/120610.wav,anger,estonian
EKORPUS/13187.wav,sadness,estonian
EKORPUS/121234.wav,joy,estonian
EKORPUS/14359.wav,joy,estonian
EKORPUS/43.wav,sadness,estonian
EKORPUS/13465.wav,sadness,estonian
EKORPUS/427.wav,sadness,estonian
EKORPUS/13661.wav,anger,estonian
EKORPUS/120889.wav,neutral,estonian
EKORPUS/121186.wav,sadness,estonian
EKORPUS/121127.wav,joy,estonian
EKORPUS/14531.wav,neutral,estonian
EKORPUS/121178.wav,sadness,estonian
EKORPUS/120546.wav,neutral,estonian
EKORPUS/120672.wav,joy,estonian
EKORPUS/14093.wav,neutral,estonian
EKORPUS/135.wav,sadness,estonian
EKORPUS/120841.wav,sadness,estonian
EKORPUS/13183.wav,anger,estonian
EKORPUS/120431.wav,anger,estonian
EKORPUS/117.wav,neutral,estonian
EKORPUS/13747.wav,neutral,estonian
EKORPUS/99.wav,sadness,estonian
EKORPUS/120403.wav,sadness,estonian
EKORPUS/120209.wav,joy,estonian
EKORPUS/121196.wav,joy,estonian
EKORPUS/120634.wav,neutral,estonian
EKORPUS/121063.wav,sadness,estonian
EKORPUS/13003.wav,sadness,estonian
EKORPUS/120564.wav,neutral,estonian
EKORPUS/120967.wav,joy,estonian
EKORPUS/13393.wav,anger,estonian
EKORPUS/121330.wav,joy,estonian
EKORPUS/13473.wav,joy,estonian
EKORPUS/273.wav,anger,estonian
EKORPUS/120347.wav,sadness,estonian
EKORPUS/13021.wav,joy,estonian
EKORPUS/120221.wav,neutral,estonian
EKORPUS/120837.wav,anger,estonian
EKORPUS/13385.wav,neutral,estonian
EKORPUS/121326.wav,neutral,estonian
EKORPUS/14527.wav,anger,estonian
EKORPUS/120229.wav,sadness,estonian
EKORPUS/13387.wav,joy,estonian
EKORPUS/121166.wav,neutral,estonian
EKORPUS/14545.wav,sadness,estonian
EKORPUS/13435.wav,joy,estonian
EKORPUS/120359.wav,neutral,estonian
EKORPUS/13035.wav,sadness,estonian
EKORPUS/14261.wav,joy,estonian
EKORPUS/120476.wav,neutral,estonian
EKORPUS/121236.wav,joy,estonian
EKORPUS/13345.wav,neutral,estonian
EKORPUS/120951.wav,anger,estonian
EKORPUS/120572.wav,joy,estonian
EKORPUS/120652.wav,neutral,estonian
EKORPUS/120821.wav,joy,estonian
EKORPUS/120377.wav,neutral,estonian
EKORPUS/120157.wav,joy,estonian
EKORPUS/120887.wav,anger,estonian
EKORPUS/120574.wav,sadness,estonian
EKORPUS/121248.wav,sadness,estonian
EKORPUS/13759.wav,neutral,estonian
EKORPUS/120913.wav,anger,estonian
EKORPUS/120299.wav,joy,estonian
EKORPUS/14029.wav,sadness,estonian
EKORPUS/120941.wav,sadness,estonian
EKORPUS/120680.wav,neutral,estonian
EKORPUS/120327.wav,neutral,estonian
EKORPUS/13777.wav,neutral,estonian
EKORPUS/41.wav,neutral,estonian
EKORPUS/147.wav,joy,estonian
EKORPUS/120566.wav,joy,estonian
EKORPUS/13875.wav,joy,estonian
EKORPUS/14215.wav,sadness,estonian
EKORPUS/120301.wav,sadness,estonian
EKORPUS/120965.wav,anger,estonian
EKORPUS/120401.wav,sadness,estonian
EKORPUS/120907.wav,neutral,estonian
EKORPUS/120762.wav,anger,estonian
EKORPUS/120451.wav,anger,estonian
EKORPUS/120949.wav,joy,estonian
EKORPUS/13429.wav,anger,estonian
EKORPUS/120425.wav,anger,estonian
EKORPUS/120943.wav,joy,estonian
EKORPUS/14539.wav,anger,estonian
EKORPUS/13979.wav,joy,estonian
EKORPUS/120283.wav,neutral,estonian
EKORPUS/120245.wav,anger,estonian
EKORPUS/14267.wav,neutral,estonian
EKORPUS/120195.wav,anger,estonian
EKORPUS/13743.wav,sadness,estonian
EKORPUS/120576.wav,neutral,estonian
EKORPUS/121115.wav,sadness,estonian
EKORPUS/120447.wav,sadness,estonian
EKORPUS/14337.wav,neutral,estonian
EKORPUS/14295.wav,sadness,estonian
EKORPUS/120211.wav,sadness,estonian
EKORPUS/120756.wav,joy,estonian
EKORPUS/13079.wav,sadness,estonian
EKORPUS/13165.wav,joy,estonian
EKORPUS/120764.wav,neutral,estonian
EKORPUS/121266.wav,neutral,estonian
EKORPUS/120273.wav,anger,estonian
EKORPUS/13489.wav,anger,estonian
EKORPUS/121224.wav,neutral,estonian
EKORPUS/13457.wav,anger,estonian
EKORPUS/121069.wav,sadness,estonian
EKORPUS/120604.wav,neutral,estonian
EKORPUS/120265.wav,neutral,estonian
EKORPUS/13471.wav,anger,estonian
EKORPUS/13241.wav,joy,estonian
EKORPUS/13201.wav,sadness,estonian
EKORPUS/13807.wav,sadness,estonian
EKORPUS/120257.wav,sadness,estonian
EKORPUS/13801.wav,neutral,estonian
EKORPUS/121119.wav,joy,estonian
EKORPUS/120119.wav,sadness,estonian
EKORPUS/120526.wav,anger,estonian
EKORPUS/120303.wav,anger,estonian
EKORPUS/120933.wav,anger,estonian
EKORPUS/13921.wav,neutral,estonian
EKORPUS/120923.wav,neutral,estonian
EKORPUS/120696.wav,joy,estonian
EKORPUS/14271.wav,neutral,estonian
EKORPUS/121246.wav,joy,estonian
EKORPUS/13859.wav,neutral,estonian
EKORPUS/120985.wav,neutral,estonian
EKORPUS/120971.wav,anger,estonian
EKORPUS/120415.wav,joy,estonian
EKORPUS/121033.wav,joy,estonian
EKORPUS/120706.wav,sadness,estonian
EKORPUS/13739.wav,anger,estonian
EKORPUS/13353.wav,neutral,estonian
EKORPUS/13949.wav,neutral,estonian
EKORPUS/120712.wav,joy,estonian
EKORPUS/121258.wav,neutral,estonian
EKORPUS/120694.wav,sadness,estonian
EKORPUS/120915.wav,joy,estonian
EKORPUS/13761.wav,sadness,estonian
EKORPUS/14207.wav,joy,estonian
EKORPUS/121065.wav,anger,estonian
EKORPUS/13231.wav,sadness,estonian
EKORPUS/13695.wav,joy,estonian
EKORPUS/13689.wav,joy,estonian
EKORPUS/443.wav,anger,estonian
EKORPUS/13475.wav,neutral,estonian
EKORPUS/14165.wav,anger,estonian
EKORPUS/120161.wav,joy,estonian
EKORPUS/120786.wav,neutral,estonian
EKORPUS/121043.wav,joy,estonian
EKORPUS/120895.wav,sadness,estonian
EKORPUS/121294.wav,neutral,estonian
EKORPUS/14015.wav,anger,estonian
EKORPUS/120237.wav,joy,estonian
EKORPUS/120869.wav,anger,estonian
EKORPUS/120133.wav,joy,estonian
EKORPUS/120185.wav,sadness,estonian
EKORPUS/121296.wav,neutral,estonian
EKORPUS/120562.wav,sadness,estonian
EKORPUS/120628.wav,joy,estonian
EKORPUS/13603.wav,sadness,estonian
EKORPUS/13277.wav,joy,estonian
EKORPUS/120961.wav,neutral,estonian
EKORPUS/14173.wav,joy,estonian
EKORPUS/13709.wav,sadness,estonian
EKORPUS/201.wav,joy,estonian
EKORPUS/120606.wav,sadness,estonian
EKORPUS/120947.wav,anger,estonian
EKORPUS/120201.wav,sadness,estonian
EKORPUS/14263.wav,sadness,estonian
EKORPUS/120843.wav,neutral,estonian
EKORPUS/133.wav,neutral,estonian
EKORPUS/13597.wav,anger,estonian
EKORPUS/120391.wav,joy,estonian
EKORPUS/13723.wav,joy,estonian
EKORPUS/120875.wav,joy,estonian
EKORPUS/13699.wav,neutral,estonian
EKORPUS/120794.wav,sadness,estonian
EKORPUS/14155.wav,neutral,estonian
EKORPUS/375.wav,anger,estonian
EKORPUS/120656.wav,joy,estonian
EKORPUS/13915.wav,anger,estonian
EKORPUS/13939.wav,joy,estonian
EKORPUS/13639.wav,neutral,estonian
EKORPUS/121099.wav,neutral,estonian
EKORPUS/13301.wav,neutral,estonian
EKORPUS/120333.wav,neutral,estonian
EKORPUS/120973.wav,joy,estonian
EKORPUS/14167.wav,neutral,estonian
EKORPUS/14285.wav,neutral,estonian
EKORPUS/121192.wav,neutral,estonian
EKORPUS/13181.wav,sadness,estonian
EKORPUS/120909.wav,neutral,estonian
EKORPUS/14357.wav,neutral,estonian
EKORPUS/14497.wav,joy,estonian
EKORPUS/14121.wav,joy,estonian
EKORPUS/120437.wav,anger,estonian
EKORPUS/120618.wav,joy,estonian
EKORPUS/13997.wav,neutral,estonian
EKORPUS/121107.wav,neutral,estonian
EKORPUS/120945.wav,joy,estonian
EKORPUS/120167.wav,neutral,estonian
EKORPUS/120247.wav,anger,estonian
EKORPUS/55.wav,sadness,estonian
EKORPUS/121121.wav,joy,estonian
EKORPUS/14367.wav,neutral,estonian
EKORPUS/120329.wav,anger,estonian
EKORPUS/14477.wav,sadness,estonian
EKORPUS/13983.wav,neutral,estonian
EKORPUS/120267.wav,anger,estonian
EKORPUS/14475.wav,neutral,estonian
EKORPUS/13693.wav,neutral,estonian
EKORPUS/14035.wav,joy,estonian
EKORPUS/13713.wav,neutral,estonian
EKORPUS/409.wav,anger,estonian
EKORPUS/121180.wav,neutral,estonian
EKORPUS/120740.wav,anger,estonian
EKORPUS/120660.wav,joy,estonian
EKORPUS/143.wav,joy,estonian
EKORPUS/14125.wav,anger,estonian
EKORPUS/13077.wav,joy,estonian
EKORPUS/13955.wav,joy,estonian
EKORPUS/120768.wav,sadness,estonian
EKORPUS/13501.wav,joy,estonian
EKORPUS/13507.wav,joy,estonian
EKORPUS/13973.wav,anger,estonian
EKORPUS/120883.wav,joy,estonian
EKORPUS/13407.wav,anger,estonian
EKORPUS/13733.wav,sadness,estonian
EKORPUS/13847.wav,sadness,estonian
EKORPUS/69.wav,sadness,estonian
EKORPUS/120319.wav,sadness,estonian
EKORPUS/121268.wav,neutral,estonian
EKORPUS/121256.wav,neutral,estonian
EKORPUS/13259.wav,anger,estonian
EKORPUS/121184.wav,sadness,estonian
EKORPUS/121272.wav,joy,estonian
EKORPUS/13745.wav,anger,estonian
EKORPUS/13907.wav,sadness,estonian
EKORPUS/13935.wav,sadness,estonian
EKORPUS/120371.wav,sadness,estonian
EKORPUS/120648.wav,neutral,estonian
EKORPUS/120227.wav,joy,estonian
EKORPUS/121214.wav,sadness,estonian
EKORPUS/91.wav,neutral,estonian
EKORPUS/14211.wav,neutral,estonian
EKORPUS/120827.wav,neutral,estonian
EKORPUS/120903.wav,sadness,estonian
EKORPUS/13485.wav,sadness,estonian
EKORPUS/120790.wav,neutral,estonian
EKORPUS/121017.wav,anger,estonian
EKORPUS/120744.wav,joy,estonian
EKORPUS/120939.wav,neutral,estonian
EKORPUS/13213.wav,anger,estonian
EKORPUS/14169.wav,sadness,estonian
EKORPUS/13505.wav,joy,estonian
EKORPUS/13873.wav,neutral,estonian
EKORPUS/13687.wav,anger,estonian
EKORPUS/13845.wav,sadness,estonian
EKORPUS/120596.wav,neutral,estonian
EKORPUS/14007.wav,joy,estonian
EKORPUS/14227.wav,neutral,estonian
EKORPUS/120534.wav,neutral,estonian
EKORPUS/120552.wav,neutral,estonian
EKORPUS/121222.wav,sadness,estonian
EKORPUS/121260.wav,sadness,estonian
EKORPUS/14185.wav,anger,estonian
EKORPUS/120758.wav,sadness,estonian
EKORPUS/120251.wav,joy,estonian
EKORPUS/13855.wav,anger,estonian
EKORPUS/14479.wav,joy,estonian
EKORPUS/120608.wav,neutral,estonian
EKORPUS/13295.wav,joy,estonian
EKORPUS/120449.wav,neutral,estonian
EKORPUS/13261.wav,joy,estonian
EKORPUS/120722.wav,neutral,estonian
EKORPUS/13751.wav,sadness,estonian
EKORPUS/13839.wav,anger,estonian
EKORPUS/14217.wav,anger,estonian
EKORPUS/14159.wav,anger,estonian
EKORPUS/13441.wav,joy,estonian
EKORPUS/13951.wav,neutral,estonian
EKORPUS/13911.wav,anger,estonian
EKORPUS/120734.wav,anger,estonian
EKORPUS/229.wav,sadness,estonian
EKORPUS/14461.wav,neutral,estonian
EKORPUS/279.wav,joy,estonian
EKORPUS/14135.wav,neutral,estonian
EKORPUS/121218.wav,joy,estonian
EKORPUS/121091.wav,neutral,estonian
EKORPUS/13837.wav,neutral,estonian
EKORPUS/97.wav,neutral,estonian
EKORPUS/120205.wav,neutral,estonian
EKORPUS/121085.wav,joy,estonian
EKORPUS/120486.wav,anger,estonian
EKORPUS/13459.wav,joy,estonian
EKORPUS/14265.wav,sadness,estonian
EKORPUS/120624.wav,anger,estonian
EKORPUS/13671.wav,neutral,estonian
EKORPUS/13029.wav,anger,estonian
EKORPUS/13101.wav,neutral,estonian
EKORPUS/14009.wav,anger,estonian
EKORPUS/14431.wav,sadness,estonian
EKORPUS/120622.wav,anger,estonian
EKORPUS/120584.wav,neutral,estonian
EKORPUS/14213.wav,anger,estonian
EKORPUS/120704.wav,joy,estonian
EKORPUS/120708.wav,anger,estonian
EKORPUS/120698.wav,neutral,estonian
EKORPUS/120129.wav,joy,estonian
EKORPUS/121087.wav,anger,estonian
EKORPUS/120929.wav,joy,estonian
EKORPUS/14013.wav,joy,estonian
EKORPUS/13937.wav,joy,estonian
EKORPUS/13253.wav,anger,estonian
EKORPUS/14031.wav,sadness,estonian
EKORPUS/120716.wav,anger,estonian
EKORPUS/13821.wav,sadness,estonian
EKORPUS/14223.wav,sadness,estonian
EKORPUS/121057.wav,neutral,estonian
EKORPUS/121021.wav,anger,estonian
EKORPUS/121148.wav,anger,estonian
EKORPUS/13815.wav,anger,estonian
EKORPUS/13323.wav,neutral,estonian
EKORPUS/13903.wav,sadness,estonian
EKORPUS/13497.wav,neutral,estonian
EKORPUS/120650.wav,neutral,estonian
EKORPUS/13707.wav,joy,estonian
EKORPUS/120311.wav,sadness,estonian
EKORPUS/120518.wav,neutral,estonian
EKORPUS/14473.wav,anger,estonian
EKORPUS/120638.wav,anger,estonian
EKORPUS/120981.wav,joy,estonian
EKORPUS/14449.wav,anger,estonian
EKORPUS/120676.wav,neutral,estonian
EKORPUS/120586.wav,neutral,estonian
EKORPUS/120861.wav,neutral,estonian
EKORPUS/120578.wav,neutral,estonian
EKORPUS/121292.wav,neutral,estonian
EKORPUS/14437.wav,anger,estonian
EKORPUS/14199.wav,sadness,estonian
EKORPUS/13331.wav,anger,estonian
EKORPUS/120893.wav,sadness,estonian
EKORPUS/13417.wav,anger,estonian
EKORPUS/121168.wav,joy,estonian
EKORPUS/13307.wav,joy,estonian
